"String ID","Source text","Translation","Context","Path","Filename"
"1","0","nul","","SYSTEM","0000.wav"
"2","1","één","","SYSTEM","0001.wav"
"3","2","twee","","SYSTEM","0002.wav"
"4","3","drie","","SYSTEM","0003.wav"
"5","4","vier","","SYSTEM","0004.wav"
"6","5","vijf","","SYSTEM","0005.wav"
"7","6","zes","","SYSTEM","0006.wav"
"8","7","zeven","","SYSTEM","0007.wav"
"9","8","acht","","SYSTEM","0008.wav"
"10","9","negen","","SYSTEM","0009.wav"
"11","10","tien","","SYSTEM","0010.wav"
"12","11","elf","","SYSTEM","0011.wav"
"13","12","twaalf","","SYSTEM","0012.wav"
"14","13","dertien","","SYSTEM","0013.wav"
"15","14","veertien","","SYSTEM","0014.wav"
"16","15","vijftien","","SYSTEM","0015.wav"
"17","16","zestien","","SYSTEM","0016.wav"
"18","17","zeventien","","SYSTEM","0017.wav"
"19","18","achttien","","SYSTEM","0018.wav"
"20","19","negentien","","SYSTEM","0019.wav"
"21","20","twintig","","SYSTEM","0020.wav"
"22","21","eenentwintig","","SYSTEM","0021.wav"
"23","22","tweeëntwintig","","SYSTEM","0022.wav"
"24","23","drieëntwintig","","SYSTEM","0023.wav"
"25","24","vierentwintig","","SYSTEM","0024.wav"
"26","25","vijfentwintig","","SYSTEM","0025.wav"
"27","26","zesentwintig","","SYSTEM","0026.wav"
"28","27","zevenentwintig","","SYSTEM","0027.wav"
"29","28","achtentwintig","","SYSTEM","0028.wav"
"30","29","negenentwintig","","SYSTEM","0029.wav"
"31","30","dertig","","SYSTEM","0030.wav"
"32","31","eenendertig","","SYSTEM","0031.wav"
"33","32","tweeëndertig","","SYSTEM","0032.wav"
"34","33","drieëndertig","","SYSTEM","0033.wav"
"35","34","vierendertig","","SYSTEM","0034.wav"
"36","35","vijfendertig","","SYSTEM","0035.wav"
"37","36","zesendertig","","SYSTEM","0036.wav"
"38","37","zevenendertig","","SYSTEM","0037.wav"
"39","38","achtendertig","","SYSTEM","0038.wav"
"40","39","negenendertig","","SYSTEM","0039.wav"
"41","40","veertig","","SYSTEM","0040.wav"
"42","41","eenenveertig","","SYSTEM","0041.wav"
"43","42","tweeënveertig","","SYSTEM","0042.wav"
"44","43","drieënveertig","","SYSTEM","0043.wav"
"45","44","vierenveertig","","SYSTEM","0044.wav"
"46","45","vijfenveertig","","SYSTEM","0045.wav"
"47","46","zesenveertig","","SYSTEM","0046.wav"
"48","47","zevenenveertig","","SYSTEM","0047.wav"
"49","48","achtenveertig","","SYSTEM","0048.wav"
"50","49","negenenveertig","","SYSTEM","0049.wav"
"51","50","vijftig","","SYSTEM","0050.wav"
"52","51","eenenvijftig","","SYSTEM","0051.wav"
"53","52","tweeënvijftig","","SYSTEM","0052.wav"
"54","53","drieënvijftig","","SYSTEM","0053.wav"
"55","54","vierenvijftig","","SYSTEM","0054.wav"
"56","55","vijfenvijftig","","SYSTEM","0055.wav"
"57","56","zesenvijftig","","SYSTEM","0056.wav"
"58","57","zevenenvijftig","","SYSTEM","0057.wav"
"59","58","achtenvijftig","","SYSTEM","0058.wav"
"60","59","negenenvijftig","","SYSTEM","0059.wav"
"61","60","zestig","","SYSTEM","0060.wav"
"62","61","eenenzestig","","SYSTEM","0061.wav"
"63","62","tweeënzestig","","SYSTEM","0062.wav"
"64","63","drieënzestig","","SYSTEM","0063.wav"
"65","64","vierenzestig","","SYSTEM","0064.wav"
"66","65","vijfenzestig","","SYSTEM","0065.wav"
"67","66","zesenzestig","","SYSTEM","0066.wav"
"68","67","zevenenzestig","","SYSTEM","0067.wav"
"69","68","achtenzestig","","SYSTEM","0068.wav"
"70","69","negenenzestig","","SYSTEM","0069.wav"
"71","70","zeventig","","SYSTEM","0070.wav"
"72","71","eenenzeventig","","SYSTEM","0071.wav"
"73","72","tweeënzeventig","","SYSTEM","0072.wav"
"74","73","drieënzeventig","","SYSTEM","0073.wav"
"75","74","vierenzeventig","","SYSTEM","0074.wav"
"76","75","vijfenzeventig","","SYSTEM","0075.wav"
"77","76","zesenzeventig","","SYSTEM","0076.wav"
"78","77","zevenenzeventig","","SYSTEM","0077.wav"
"79","78","achtenzeventig","","SYSTEM","0078.wav"
"80","79","negenenzeventig","","SYSTEM","0079.wav"
"81","80","tachtig","","SYSTEM","0080.wav"
"82","81","eenentachtig","","SYSTEM","0081.wav"
"83","82","tweeëntachtig","","SYSTEM","0082.wav"
"84","83","drieëntachtig","","SYSTEM","0083.wav"
"85","84","vierentachtig","","SYSTEM","0084.wav"
"86","85","vijfentachtig","","SYSTEM","0085.wav"
"87","86","zesentachtig","","SYSTEM","0086.wav"
"88","87","zevenentachtig","","SYSTEM","0087.wav"
"89","88","achtentachtig","","SYSTEM","0088.wav"
"90","89","negenentachtig","","SYSTEM","0089.wav"
"91","90","negentig","","SYSTEM","0090.wav"
"92","91","eenennegentig","","SYSTEM","0091.wav"
"93","92","tweeënnegentig","","SYSTEM","0092.wav"
"94","93","drieënnegentig","","SYSTEM","0093.wav"
"95","94","vierennegentig","","SYSTEM","0094.wav"
"96","95","vijfennegentig","","SYSTEM","0095.wav"
"97","96","zesennegentig","","SYSTEM","0096.wav"
"98","97","zevenennegentig","","SYSTEM","0097.wav"
"99","98","achtennegentig","","SYSTEM","0098.wav"
"100","99","negenennegentig","","SYSTEM","0099.wav"
"101","100","honderd","","SYSTEM","0100.wav"
"102","200","tweehonderd","","SYSTEM","0101.wav"
"103","300","driehonderd","","SYSTEM","0102.wav"
"104","400","vierhonderd","","SYSTEM","0103.wav"
"105","500","vijfhonderd","","SYSTEM","0104.wav"
"106","600","zeshonderd","","SYSTEM","0105.wav"
"107","700","zevenhonderd","","SYSTEM","0106.wav"
"108","800","achthonderd","","SYSTEM","0107.wav"
"109","900","negenhonderd","","SYSTEM","0108.wav"
"110","thousand","duizend","","SYSTEM","0109.wav"
"111","and","en","","SYSTEM","0110.wav"
"112","minus","min","","SYSTEM","0111.wav"
"113","point","komma","","SYSTEM","0112.wav"
"114","volt","volt","","SYSTEM","volt0.wav"
"115","volts","volt","","SYSTEM","volt1.wav"
"116","amp","ampère","","SYSTEM","amp0.wav"
"117","amps","ampère","","SYSTEM","amp1.wav"
"118","milliamp","milliampère","","SYSTEM","mamp0.wav"
"119","milliamps","milliampère","","SYSTEM","mamp1.wav"
"120","knot","knoop","","SYSTEM","knot0.wav"
"121","knots","knopen","","SYSTEM","knot1.wav"
"122","meter per second","meter per seconde","","SYSTEM","mps0.wav"
"123","meters per second","meter per seconde","","SYSTEM","mps1.wav"
"124","foot per second","voet per seconde","","SYSTEM","fps0.wav"
"125","feet per second","voet per seconde","","SYSTEM","fps1.wav"
"126","kilometer per hour","kilometer per uur","","SYSTEM","kph0.wav"
"127","kilometers per hour","kilometer per uur","","SYSTEM","kph1.wav"
"128","mile per hour","mijl per uur","","SYSTEM","mph0.wav"
"129","miles per hour","mijl per uur","","SYSTEM","mph1.wav"
"130","meter","meter","","SYSTEM","meter0.wav"
"131","meters","meter","","SYSTEM","meter1.wav"
"132","foot","voet","","SYSTEM","foot0.wav"
"133","feet","voet","","SYSTEM","foot1.wav"
"134","degree celsius","graad Celsius","","SYSTEM","celsius0.wav"
"135","degrees celsius","graden Celsius","","SYSTEM","celsius1.wav"
"136","degree fahrenheit","graad Fahrenheit","","SYSTEM","fahr0.wav"
"137","degrees fahrenheit","graden Fahrenheit","","SYSTEM","fahr1.wav"
"138","percent","procent","","SYSTEM","percent0.wav"
"139","percent","procent","","SYSTEM","percent1.wav"
"140","milliamp-hour","milliampère-uur","","SYSTEM","mamph0.wav"
"141","milliamp-hours","milliampère-uur","","SYSTEM","mamph1.wav"
"142","watt","watt","","SYSTEM","watt0.wav"
"143","watts","watt","","SYSTEM","watt1.wav"
"144","milli-watt","milliwatt","","SYSTEM","mwatt0.wav"
"145","milli-watts","milliwatt","","SYSTEM","mwatt1.wav"
"146","DB","dee bee","","SYSTEM","db0.wav"
"147","DB","dee bee","","SYSTEM","db1.wav"
"148","RPM","toeren per minuut","","SYSTEM","rpm0.wav"
"149","RPM","toeren per minuut","","SYSTEM","rpm1.wav"
"150","G","gee","","SYSTEM","g0.wav"
"151","G","gee","","SYSTEM","g1.wav"
"152","degree","graad","","SYSTEM","degree0.wav"
"153","degrees","graden","","SYSTEM","degree1.wav"
"154","radian","radiaal","","SYSTEM","rad0.wav"
"155","radians","radialen","","SYSTEM","rad1.wav"
"156","millilitre","milliliter","","SYSTEM","ml0.wav"
"157","millilitres","milliliter","","SYSTEM","ml1.wav"
"158","fluid ounce","fluid ounce","","SYSTEM","founce0.wav"
"159","fluid ounces","fluid ounce","","SYSTEM","founce1.wav"
"160","millilitre per minute","milliliter per minuut","","SYSTEM","mlpm0.wav"
"161","millilitres per minute","milliliter per minuut","","SYSTEM","mlpm1.wav"
"162","hertz","hertz","","SYSTEM","hertz0.wav"
"163","hertz","hertz","","SYSTEM","hertz1.wav"
"164","milli-second","milliseconde","","SYSTEM","ms0.wav"
"165","milli-seconds","milliseconden","","SYSTEM","ms1.wav"
"166","microsecond","microseconde","","SYSTEM","us0.wav"
"167","microseconds","microseconden","","SYSTEM","us1.wav"
"168","hour","uur","","SYSTEM","hour0.wav"
"169","hours","uur","","SYSTEM","hour1.wav"
"170","minute","minuut","","SYSTEM","minute0.wav"
"171","minutes","minuten","","SYSTEM","minute1.wav"
"172","second","seconde","","SYSTEM","second0.wav"
"173","seconds","seconden","","SYSTEM","second1.wav"
"174","point zero","komma nul","","SYSTEM","0167.wav"
"175","point one","komma één","","SYSTEM","0168.wav"
"176","point two","komma twee","","SYSTEM","0169.wav"
"177","point three","komma drie","","SYSTEM","0170.wav"
"178","point four","komma vier","","SYSTEM","0171.wav"
"179","point five","komma vijf","","SYSTEM","0172.wav"
"180","point six","komma zes","","SYSTEM","0173.wav"
"181","point seven","komma zeven","","SYSTEM","0174.wav"
"182","point eight","komma acht","","SYSTEM","0175.wav"
"183","point nine","komma negen","","SYSTEM","0176.wav"
"184","trim center","trim in het midden","","SYSTEM","midtrim.wav"
"185","maximum trim reached","maximale trim bereikt","","SYSTEM","maxtrim.wav"
"186","minimum trim reached","minimale trim bereikt","","SYSTEM","mintrim.wav"
"187","timer 1 elapsed","timer één afgelopen","","SYSTEM","timovr1.wav"
"188","timer 2 elapsed","timer twee afgelopen","","SYSTEM","timovr2.wav"
"189","timer 3 elapsed","timer drie afgelopen","","SYSTEM","timovr3.wav"
"190","transmitter battery low","zenderbatterij bijna leeg","","SYSTEM","lowbatt.wav"
"191","inactivity alarm","inactiviteitsalarm","","SYSTEM","inactiv.wav"
"192","throttle warning","gaswaarschuwing","","SYSTEM","thralert.wav"
"193","switch warning","schakelaarwaarschuwing","","SYSTEM","swalert.wav"
"194","bad eeprom","EEPROM fout","","SYSTEM","eebad.wav"
"195","Welcome to EdgeTX","Welkom bij EdgeTX","","SYSTEM","hello.wav"
"196","RF signal low","RF-signaal zwak","","SYSTEM","rssi_org.wav"
"197","RF signal critical","RF-signaal kritiek","","SYSTEM","rssi_red.wav"
"198","radio antenna defective","antenne defect","","SYSTEM","swr_red.wav"
"199","telemetry lost","telemetrie verloren","","SYSTEM","telemko.wav"
"200","telemetry recovered","telemetrie hersteld","","SYSTEM","telemok.wav"
"201","Trainer connected","trainer verbonden","","SYSTEM","trainco.wav"
"202","trainer signal lost","trainersignaal verloren","","SYSTEM","trainko.wav"
"203","trainer signal recovered","trainersignaal hersteld","","SYSTEM","trainok.wav"
"204","sensor lost","sensor verloren","","SYSTEM","sensorko.wav"
"205","servo overload","servo overbelast","","SYSTEM","servoko.wav"
"206","power overload","voeding overbelast","","SYSTEM","rxko.wav"
"207","receiver still connected","ontvanger nog verbonden","","SYSTEM","modelpwr.wav"
"208","armed","armed","","","armed.wav"
"209","disarmed","disarmed","","","disarm.wav"
"210","throttle cut","gas geblokkeerd","","","thrcut.wav"
"211","throttle active","gas actief","","","thract.wav"
"212","gear up","landingsgestel in","plane","","gearup.wav"
"213","gear down","landingsgestel uit","plane","","geardn.wav"
"214","flaps up","flaps in","plane","","flapup.wav"
"215","flaps down","flaps uit","plane","","flapdn.wav"
"216","spoiler up","spoilers uit","","","splrup.wav"
"217","spoiler down","spoilers in","","","splrdn.wav"
"218","trainer on","trainer aan","","","trnon.wav"
"219","trainer off","trainer uit","","","trnoff.wav"
"220","engine off","motor uit","","","engoff.wav"
"221","too high","te hoog","","","tohigh.wav"
"222","too low","te laag","","","tolow.wav"
"223","low battery","batterij bijna leeg","","","lowbat.wav"
"224","crow on","crow aan","","","crowon.wav"
"225","crow off","crow uit","","","crowof.wav"
"226","RF signal low","RF-signaal zwak","rc-link","","siglow.wav"
"227","RF signal critical","RF-signaal kritiek","rc-link","","sigcrt.wav"
"228","LQ","link quality","rc-link","","lq.wav"
"229","RF mode","RF-modus","rc-link","","rfmode.wav"
"230","high speed mode active","hoge snelheid modus actief","rc-link","","spdmod.wav"
"231","thermal mode on","thermiekmodus aan","","","thmmod.wav"
"232","normal mode on","normale modus aan","","","nrmmod.wav"
"233","landing mode on","landingsmodus aan","","","lnding.wav"
"234","acro mode on","acro modus aan","","","acro.wav"
"235","flight mode one","vluchtmodus één","","","fm-1.wav"
"236","flight mode two","vluchtmodus twee","","","fm-2.wav"
"237","flight mode three","vluchtmodus drie","","","fm-3.wav"
"238","flight mode four","vluchtmodus vier","","","fm-4.wav"
"239","flight mode five","vluchtmodus vijf","","","fm-5.wav"
"240","flight mode six","vluchtmodus zes","","","fm-6.wav"
"241","flight mode seven","vluchtmodus zeven","","","fm-7.wav"
"242","flight mode eight","vluchtmodus acht","","","fm-8.wav"
"243","vario on","vario aan","","","vrion.wav"
"244","vario off","vario uit","","","vrioff.wav"
"245","flight mode power","vluchtmodus power","","","fm-pwr.wav"
"246","flight mode land","vluchtmodus landen","","","fm-lnd.wav"
"247","flight mode float","vluchtmodus zweven","","","fm-flt.wav"
"248","flight mode speed","vluchtmodus snelheid","","","fm-spd.wav"
"249","flight mode fast","vluchtmodus snel","","","fm-fst.wav"
"250","flight mode normal","vluchtmodus normaal","","","fm-nrm.wav"
"251","flight mode cruise","vluchtmodus cruise","","","fm-crs.wav"
"252","flight mode acro","vluchtmodus acro","","","fm-acr.wav"
"253","flight mode race","vluchtmodus race","","","fm-rce.wav"
"254","flight mode launch","vluchtmodus lancering","","","fm-lch.wav"
"255","flight mode ping","vluchtmodus ping","","","fm-png.wav"
"256","flight mode thermal","vluchtmodus thermiek","","","fm-thm.wav"
"257","flight mode thermal left","vluchtmodus thermiek links","","","fm-thl.wav"
"258","flight mode thermal right","vluchtmodus thermiek rechts","","","fm-thr.wav"
"259","flight mode stabilise","vluchtmodus stabilisatie","","","fm-stb.wav"
"260","flight mode horizon","vluchtmodus horizon","","","fm-hor.wav"
"261","flight mode angle","vluchtmodus angle","","","fm-ang.wav"
"262","flight mode idle up 1","vluchtmodus idle-up één","","","fm-id1.wav"
"263","flight mode idle up 2","vluchtmodus idle-up twee","","","fm-id2.wav"
"264","low rate","lage rates","","","ratlow.wav"
"265","medium rate","gemiddelde rates","","","ratmed.wav"
"266","high rate","hoge rates","","","rathi.wav"
"267","take off","opstijgen","","","takeof.wav"
"268","sport","sport","","","sport.wav"
"269","pattern","kunstvlucht","","","pattrn.wav"
"270","3D","drie dee","","","3d.wav"
"271","landing","landing","","","landin.wav"
"272","idle up 1","idle-up één","","","idleu1.wav"
"273","idle up 2","idle-up twee","","","idleu2.wav"
"274","normal mode","normale modus","","","normod.wav"
"275","bank 0","bank nul","","","bank-0.wav"
"276","bank 1","bank één","","","bank-1.wav"
"277","bank 2","bank twee","","","bank-2.wav"
"278","bank 3","bank drie","","","bank-3.wav"
"279","heading lock","heading lock","","","headlo.wav"
"280","rate mode","rate modus","","","ratmod.wav"
"281","3D Mode","drie dee modus","","","3d-mod.wav"
"282","stabilise mode","stabilisatiemodus","","","stabmo.wav"
"283","on","aan","","","on.wav"
"284","off","uit","","","off.wav"
"285","buzzer active","zoemer actief","","","buzact.wav"
"286","crash-flip active","crash-flip actief","multicopter","","crfact.wav"
"287","blackbox active","blackbox actief","","","blkact.wav"
"288","pre-arm active","pre-arm actief","","","preact.wav"
"289","stable mode","stabiele modus","","","stbmod.wav"
"290","brakes on","remmen aan","plane","","brakon.wav"
"291","brakes off","remmen uit","plane","","brakof.wav"
"292","butterfly on","butterfly aan","","","btfon.wav"
"293","butterfly off","butterfly uit","","","btfoff.wav"
"294","flaps one","flaps één","plane","","flp1.wav"
"295","flaps two","flaps twee","plane","","flp2.wav"
"296","flaps three","flaps drie","plane","","flp3.wav"
"297","flaps four","flaps vier","plane","","flp4.wav"
"298","flaps five","flaps vijf","plane","","flp5.wav"
"299","wingsweep","vleugelzwaai","plane","","wngswp.wav"
"300","wheelbrakes on","wielremmen aan","plane","","whlbro.wav"
"301","wheelbrakes off","wielremmen uit","plane","","whlbrf.wav"
"302","manual mode","manuele modus","","","manmod.wav"
"303","acro mode","acro modus","","","acrmod.wav"
"304","angle mode","angle modus","","","angmod.wav"
"305","horizon mode","horizon modus","","","hznmod.wav"
"306","launch mode","lanceermodus","","","lncmod.wav"
"307","air mode","air mode","","","airmod.wav"
"308","pit mode","pit mode","","","pitmod.wav"
"309","navigation cruise","navigatie cruise","autopilot","","navcrs.wav"
"310","navigation course hold","navigatie koers vasthouden","autopilot","","navcsh.wav"
"311","navigation altitude hold","navigatie hoogte vasthouden","autopilot","","navalh.wav"
"312","navigation position hold","navigatie positie vasthouden","autopilot","","navpos.wav"
"313","navigation return to home","navigatie terug naar huis","autopilot","","navrth.wav"
"314","navigation waypoint","navigatie waypoint","autopilot","","navwp.wav"
"315","cruise","cruise","autopilot","","cruise.wav"
"316","course hold","koers vasthouden","autopilot","","crshld.wav"
"317","altitude hold","hoogte vasthouden","autopilot","","althld.wav"
"318","position hold","positie vasthouden","autopilot","","poshld.wav"
"319","return to home","terug naar huis","autopilot","","rth.wav"
"320","waypoint","waypoint","autopilot","","waypnt.wav"
"321","manual","manueel","","","manual.wav"
"322","auto","automatisch","","","auto.wav"
"323","OSD","OSD","video","","osd.wav"
"324","OSD profile","OSD-profiel","video","","osdprf.wav"
"325","attitude hold mode","attitude hold modus","autopilot","","sxrahd.wav"
"326","manual mode","manuele modus","","","sxrman.wav"
"327","stabiliser mode","stabilisator modus","","","sxrsmd.wav"
"328","stabiliser off","stabilisator uit","","","sxrsof.wav"
"329","stabiliser on","stabilisator aan","","","sxrstb.wav"
"330","wind rejection mode","windcompensatie modus","","","sxrwr.wav"
"331","turtle mode on","turtle mode aan","multicopter","","turton.wav"
"332","turtle mode off","turtle mode uit","multicopter","","turtof.wav"
"333","flip","flip","","","flip.wav"
"334","autorotation","autorotatie","heli","","auro.wav"
"335","failsafe active","failsafe actief","","","fsact.wav"
"336","failsafe off","failsafe uit","","","fsoff.wav"
"337","OSD Profile 1","OSD-profiel één","video","","osd1.wav"
"338","OSD Profile 2","OSD-profiel twee","video","","osd2.wav"
"339","OSD Profile 3","OSD-profiel drie","video","","osd3.wav"
"340","rate profile 1","rate-profiel één","","","rates1.wav"
"341","rate profile 2","rate-profiel twee","","","rates2.wav"
"342","rate profile 3","rate-profiel drie","","","rates3.wav"
"343","rate profile 4","rate-profiel vier","","","rates4.wav"
"344","rate profile 5","rate-profiel vijf","","","rates5.wav"
"345","rate profile 6","rate-profiel zes","","","rates6.wav"
"346","stick commands disabled","stick commando's uit","","","scmdof.wav"
"347","stick commands enabled","stick commando's aan","","","scmdon.wav"
"348","telemetry","telemetrie","","","telem.wav"
"349","telemetry logging on","telemetrie logging aan","","","tlogon.wav"
"350","telemetry logging off","telemetrie logging uit","","","tlogof.wav"
"351","VTX","VTX","video","","vtx.wav"
"352","VTX on","VTX aan","video","","vtxon.wav"
"353","VTX off","VTX uit","video","","vtxoff.wav"
"354","VTX 25 milliwatts","VTX vijfentwintig milliwatt","video","","vtx25.wav"
"355","VTX 50 milliwatts","VTX vijftig milliwatt","video","","vtx50.wav"
"356","VTX 100 milliwatts","VTX honderd milliwatt","video","","vtx100.wav"
"357","VTX 200 milliwatts","VTX tweehonderd milliwatt","video","","vtx200.wav"
"358","VTX 300 milliwatts","VTX driehonderd milliwatt","video","","vtx300.wav"
"359","VTX 400 milliwatts","VTX vierhonderd milliwatt","video","","vtx400.wav"
"360","VTX 500 milliwatts","VTX vijfhonderd milliwatt","video","","vtx500.wav"
"361","VTX 600 milliwatts","VTX zeshonderd milliwatt","video","","vtx600.wav"
"362","VTX 700 milliwatts","VTX zevenhonderd milliwatt","video","","vtx700.wav"
"363","VTX 800 milliwatts","VTX achthonderd milliwatt","video","","vtx800.wav"
"364","VTX 900 milliwatts","VTX negenhonderd milliwatt","video","","vtx900.wav"
"365","VTX Pit Mode","VTX pit mode","video","","vtxpm.wav"
"366","VTX Race Mode","VTX race mode","video","","vtxrm.wav"
"367","VTX 1 watt","VTX één watt","video","","vtx1w.wav"
"368","VTX 2 watts","VTX twee watt","video","","vtx2w.wav"
"369","VTX 4 watts","VTX vier watt","video","","vtx4w.wav"
"370","critical low battery","batterij kritiek","","","clobat.wav"
"371","start","start","","","start.wav"
"372","stop","stop","","","stop.wav"
"373","lights on","lichten aan","","","lghton.wav"
"374","lights off","lichten uit","","","lghtof.wav"
"375","buzzer off","zoemer uit","","","buzoff.wav"
"376","dynamic TX power","dynamisch zendvermogen","rc-link","","dyntxp.wav"
"377","maximum TX power","maximaal zendvermogen","rc-link","","maxtxp.wav"
"378","throttle hold","throttle hold","plane/heli","","thrhld.wav"
"379","throttle idle","gas stationair","plane/heli","","thridl.wav"
"380","throttle release","gas vrijgegeven","plane/heli","","thrrel.wav"
"381","negative pitch allowed","negatieve pitch toegestaan","heli","","negpon.wav"
"382","negative pitch disallowed","negatieve pitch geblokkeerd","heli","","negpof.wav"
"383","autolaunch started","automatische lancering gestart","autopilot","","alnch.wav"
"384","rescue mode active","rescue modus actief","autopilot","","rscmon.wav"
"385","rescue mode off","rescue modus uit","autopilot","","rscmof.wav"
"386","headfree mode active","headfree modus actief","multicopter","","hdfmon.wav"
"387","headfree mode off","headfree modus uit","multicopter","","hdfmof.wav"
"388","heading adjust","koers bijstellen","multicopter","","hdadj.wav"
"389","FPV angle mix active","FPV angle mix actief","multicopter","","agmxon.wav"
"390","FPV angle mix off","FPV angle mix uit","multicopter","","agmxof.wav"
"391","air mode on","air mode aan","","","airmon.wav"
"392","air mode off","air mode uit","","","airmof.wav"
"393","OSD on","OSD aan","video","","osdon.wav"
"394","OSD off","OSD uit","video","","osdoff.wav"
"395","return to home started","terug naar huis gestart","autopilot","","rthstr.wav"
"396","return to home stopped","terug naar huis gestopt","autopilot","","rthstp.wav"
"397","waypoint navigation started","waypoint navigatie gestart","autopilot","","wpnstr.wav"
"398","waypoint navigation stopped","waypoint navigatie gestopt","autopilot","","wpnstp.wav"
"399","course hold active","koers vasthouden actief","autopilot","","crshon.wav"
"400","course hold off","koers vasthouden uit","autopilot","","crshof.wav"
"401","position hold active","positie vasthouden actief","autopilot","","poshon.wav"
"402","position hold off","positie vasthouden uit","autopilot","","poshof.wav"
"403","altitude hold active","hoogte vasthouden actief","autopilot","","althon.wav"
"404","altitude hold off","hoogte vasthouden uit","autopilot","","althof.wav"
"405","loiter","loiter","autopilot","","loiter.wav"
"406","safety on","beveiliging aan","","","sftyon.wav"
"407","safety off","beveiliging uit","","","sftyof.wav"
"408","SAFE on","SAFE aan","plane","","safeon.wav"
"409","SAFE off","SAFE uit","plane","","safeof.wav"
"410","flight envelope protection active","vluchtbegrenzing actief","plane","","fepact.wav"
"411","flight envelope protection off","vluchtbegrenzing uit","plane","","fepoff.wav"
"412","timer 1 reset","timer één gereset","","","timrs1.wav"
"413","timer 2 reset","timer twee gereset","","","timrs2.wav"
"414","timer 3 reset","timer drie gereset","","","timrs3.wav"
"415","expo 1","expo één","","","expo1.wav"
"416","expo 2","expo twee","","","expo2.wav"
"417","expo 3","expo drie","","","expo3.wav"
"418","active","actief","","","active.wav"
"419","deactivated","gedeactiveerd","","","deact.wav"
"420","enabled","ingeschakeld","","","enabl.wav"
"421","disabled","uitgeschakeld","","","disabl.wav"
"422","good","goed","","","good.wav"
"423","bad","slecht","","","bad.wav"
"424","normal","normaal","","","normal.wav"
"425","warning","waarschuwing","","","warnng.wav"
"426","danger","gevaar","","","danger.wav"
"427","ready to fly","klaar om te vliegen","","","ready.wav"
"428","home reset","thuispunt gereset","","","homrst.wav"
"429","GPS","GPS","","","gps.wav"
"430","GPS on","GPS aan","","","gpson.wav"
"431","GPS off","GPS uit","","","gpsoff.wav"
"432","VTX Frequency R1","VTX frequentie R één","video","","vtxfr1.wav"
"433","VTX Frequency R2","VTX frequentie R twee","video","","vtxfr2.wav"
"434","VTX Frequency R3","VTX frequentie R drie","video","","vtxfr3.wav"
"435","VTX Frequency R4","VTX frequentie R vier","video","","vtxfr4.wav"
"436","VTX Frequency R5","VTX frequentie R vijf","video","","vtxfr5.wav"
"437","VTX Frequency R6","VTX frequentie R zes","video","","vtxfr6.wav"
"438","VTX Frequency R7","VTX frequentie R zeven","video","","vtxfr7.wav"
"439","VTX Frequency R8","VTX frequentie R acht","video","","vtxfr8.wav"
"440","VTX Maximum Power","VTX maximaal vermogen","video","","vtxmax.wav"
"441","blackbox erase","blackbox wissen","","","blkers.wav"
"442","acro trainer mode","acro trainer modus","","","actnmd.wav"
"443","Camera wifi button","camera wifi knop","camera","","cwifi.wav"
"444","Camera power button","camera aan-uit knop","camera","","cpower.wav"
"445","Camera change mode","camera modus wisselen","camera","","cmode.wav"
"446","Camera start","camera start","camera","","cstart.wav"
"447","Camera stop","camera stop","camera","","cstop.wav"
"448","Recording start","opname gestart","","","recsrt.wav"
"449","Recording stop","opname gestopt","","","recstp.wav"
"450","Start recording","opname starten","","","strtrc.wav"
"451","Stop recording","opname stoppen","","","stoprc.wav"
"452","DBM","dee bee em","","SYSTEM","dbm0.wav"
"453","DBM","dee bee em","","SYSTEM","dbm1.wav"
"454","kilometer","kilometer","","SYSTEM","km0.wav"
"455","kilometers","kilometer","","SYSTEM","km1.wav"
"456","Reverse Thrust","omkeerstuwing","plane","","revthr.wav"
"457","Reverse Thrust On","omkeerstuwing aan","plane","","revon.wav"
"458","Reverse Thrust Off","omkeerstuwing uit","plane","","revoff.wav"
"459","Reverse Thrust Idle","omkeerstuwing stationair","plane","","revid.wav"
"460","Forward Thrust","voorwaartse stuwing","plane","","revfwd.wav"
"461","telemetry connected","telemetrie verbonden","","SYSTEM","telemco.wav"
"462","level mode","level modus","flight controller","","lvlmod.wav"
"463","diffs locked","differentiëlen vergrendeld","car","","difloc.wav"
"464","diffs unlocked","differentiëlen ontgrendeld","car","","difulc.wav"
"465","engine start","motor starten","car","","engsrt.wav"
"466","engine stop","motor stoppen","car","","engstp.wav"
"467","engine on","motor aan","car","","engon.wav"
"468","Turn signals on","richtingaanwijzers aan","car","","turnon.wav"
"469","Turn signals off","richtingaanwijzers uit","car","","turnof.wav"
"470","High gear","hoge versnelling","car","","highgr.wav"
"471","Low gear","lage versnelling","car","","lowgr.wav"
"472","Dig mode","dig modus","car","","digmod.wav"
"473","Two wheel drive","tweewielaandrijving","car","","2wd.wav"
"474","Four wheel drive","vierwielaandrijving","car","","4wd.wav"
"475","Winch in","lier in","car","","wchin.wav"
"476","Winch out","lier uit","car","","wchout.wav"
"477","Front Steer","voorwielbesturing","car","","str-f.wav"
"478","Rear Steer","achterwielbesturing","car","","str-r.wav"
"479","Four Wheel Steer","vierwielbesturing","car","","str-4w.wav"
"480","Mirror Steer","gespiegelde besturing","car","","str-mr.wav"
"481","Crab Steer","krabbesturing","car","","str-cr.wav"
"482","Motor armed","motor armed","soaretx","","motarm.wav"
"483","Power","power","soaretx","","power.wav"
"484","Speed","snelheid","soaretx","","speed.wav"
"485","Thermal","thermiek","soaretx","","therml.wav"
"486","Front wheel drive","voorwielaandrijving","car","","fwd.wav"
"487","Rear wheel drive","achterwielaandrijving","car","","rwd.wav"
"488","All wheel drive","vierwielaandrijving","car","","awd.wav"
"489","Throttle enabled","gas ingeschakeld","car","","thren.wav"
"490","Throttle disabled","gas uitgeschakeld","car","","thrdis.wav"
"491","Winch enabled","lier ingeschakeld","car","","wchen.wav"
"492","Winch disabled","lier uitgeschakeld","car","","wchdis.wav"
"493","Drift mode on","driftmodus aan","car","","drifon.wav"
"494","Drift mode off","driftmodus uit","car","","drifof.wav"
"495","Gyro enabled","gyro ingeschakeld","","","gyroon.wav"
"496","Gyro disabled","gyro uitgeschakeld","","","gyroof.wav"
"497","Launch control active","launch control actief","","","launch.wav"
"498","Wet mode enabled","regenmodus ingeschakeld","","","wetmde.wav"
"499","Max gyro","maximale gyro","","","maxgyr.wav"
"500","Max assistance","maximale assistentie","","","maxast.wav"
"501","Overheating","oververhitting","","","overht.wav"
"502","Motor overheating","motor oververhit","","","mothot.wav"
"503","Drift Mode Enabled","driftmodus ingeschakeld","","","drifen.wav"
"504","Drift Mode Disabled","driftmodus uitgeschakeld","","","drifdb.wav"
"505","Screenshot","schermafbeelding","","","screns.wav"
"506","Cell","cel","","","cell.wav"
"507","Transmitter Battery Low","zenderbatterij bijna leeg","","","txbatl.wav"
"508","Left","links","","","left.wav"
"509","Right","rechts","","","right.wav"
"510","Shift","schakelen","","","shift.wav"
"511","Stability Control On","stabiliteitscontrole aan","","","sbcton.wav"
"512","Stability Control Off","stabiliteitscontrole uit","","","sbctof.wav"
"513","Stability Control Enabled","stabiliteitscontrole ingeschakeld","","","sbcten.wav"
"514","Stability Control Disabled","stabiliteitscontrole uitgeschakeld","","","sbctdb.wav"
"515","Thermal Warning","temperatuurwaarschuwing","","","thmwrn.wav"
"516","Servo Overload","servo overbelast","","","srvovl.wav"
"517","BEC Overload","BEC overbelast","","","becovl.wav"
"518","Stability Control","stabiliteitscontrole","","","sbct.wav"
"519","Stability Control - Standard","stabiliteitscontrole standaard","","","sbctst.wav"
"520","Gyro","gyro","","","gyro.wav"
"521","Low","laag","","","low.wav"
"522","Medium","gemiddeld","","","medium.wav"
"523","High","hoog","","","high.wav"
"524","Standard","standaard","","","stanrd.wav"
"525","Bash Mode","bash modus","car","","bashmd.wav"
"526","Race Mode","race modus","car","","racemd.wav"
"527","Chill Mode","chill modus","car","","chilmd.wav"
"528","Trainer Mode","trainer modus","car","","trnmd.wav"
"529","Speed Mode","snelheidsmodus","car","","spdmd.wav"
"530","City Mode","stadsmodus","car","","citymd.wav"
"531","Cruise Mode","cruise modus","car","","crusmd.wav"
"532","Flaps Middle","flaps midden","plane","","flapmd.wav"
"533","Flaps Full","flaps volledig","plane","","flapfl.wav"
"534","Motor On","motor aan","","","moton.wav"
"535","Motor Off","motor uit","","","motoff.wav"
"536","Motor Idle","motor stationair","","","motidl.wav"
"537","Autorotation","autorotatie","heli","","autor.wav"
"538","Rescue On","rescue aan","","","reson.wav"
"539","High Temperature","hoge temperatuur","","","htemp.wav"
"540","High Vibration","sterke trillingen","","","hvibr.wav"
"541","Glow On","gloeiplug aan","","","glwon.wav"
"542","Glow Off","gloeiplug uit","","","glwoff.wav"
"543","Glow Activated","gloeiplug geactiveerd","","","glwact.wav"
"544","Glow Deactivated","gloeiplug gedeactiveerd","","","glwdea.wav"
"545","Track Mode","circuitmodus","Car","","trkmd.wav"
"546","Drag brake","sleeprem","Car","","dbrk.wav"
"547","Drag brake on","sleeprem aan","Car","","dbrkon.wav"
"548","Drag brake off","sleeprem uit","Car","","dbrkof.wav"
"549","Drag brake Low","sleeprem laag","Car","","dbrklw.wav"
"550","Drag brake Medium","sleeprem gemiddeld","Car","","dbrkmd.wav"
"551","Drag brake High","sleeprem hoog","Car","","dbrkhi.wav"
"552","Snapflap On","snapflap aan","Plane","","snapfon.wav"
"553","Snapflap Off","snapflap uit","Plane","","snapfof.wav"
"554","Snapflap Low","snapflap laag","Plane","","snapflo.wav"
"555","Snapflap High","snapflap hoog","Plane","","snapfhi.wav"
"556","Auto tune","auto tune","Plane","","autotun.wav"
"557","Auto level trim","automatische level trim","Plane","","alvltrim.wav"
"558","Servo auto trim","servo auto trim","Plane","","srvatrim.wav"
"559","open","open","","","open.wav"
"560","close","dicht","","","close.wav"
"561","locked","vergrendeld","","","locked.wav"
"562","unlocked","ontgrendeld","","","unlckd.wav"
"563","canopy","cockpitkap","","","canopy.wav"
"564","bind","binden","","","bind.wav"
"565","wings extending","vleugels uitklappen","","","vgext.wav"
"566","wings extended","vleugels uitgeklapt","","","vgextd.wav"
"567","wings folding","vleugels inklappen","","","vgfold.wav"
"568","wings folded","vleugels ingeklapt","","","vgfldd.wav"
